{
	"name": "masterpipeline",
	"properties": {
		"activities": [
			{
				"name": "employeetosynapse",
				"type": "ExecuteDataFlow",
				"dependsOn": [],
				"policy": {
					"timeout": "0.12:00:00",
					"retry": 0,
					"retryIntervalInSeconds": 30,
					"secureOutput": false,
					"secureInput": false
				},
				"userProperties": [],
				"typeProperties": {
					"dataflow": {
						"referenceName": "employeedataflow",
						"type": "DataFlowReference"
					},
					"staging": {
						"linkedService": {
							"referenceName": "ls_storage_datalake",
							"type": "LinkedServiceReference"
						},
						"folderPath": "adlsnycpayrollrajatw/dirstaging"
					},
					"compute": {
						"coreCount": 8,
						"computeType": "General"
					},
					"traceLevel": "Fine"
				}
			},
			{
				"name": "titletosynapse",
				"type": "ExecuteDataFlow",
				"dependsOn": [],
				"policy": {
					"timeout": "0.12:00:00",
					"retry": 0,
					"retryIntervalInSeconds": 30,
					"secureOutput": false,
					"secureInput": false
				},
				"userProperties": [],
				"typeProperties": {
					"dataflow": {
						"referenceName": "titledataflow",
						"type": "DataFlowReference"
					},
					"staging": {
						"linkedService": {
							"referenceName": "ls_storage_datalake",
							"type": "LinkedServiceReference"
						},
						"folderPath": "adlsnycpayrollrajatw/dirstaging"
					},
					"compute": {
						"coreCount": 8,
						"computeType": "General"
					},
					"traceLevel": "Fine"
				}
			},
			{
				"name": "agencytosynapse",
				"type": "ExecuteDataFlow",
				"dependsOn": [],
				"policy": {
					"timeout": "0.12:00:00",
					"retry": 0,
					"retryIntervalInSeconds": 30,
					"secureOutput": false,
					"secureInput": false
				},
				"userProperties": [],
				"typeProperties": {
					"dataflow": {
						"referenceName": "Agencydataflow",
						"type": "DataFlowReference"
					},
					"staging": {
						"linkedService": {
							"referenceName": "ls_storage_datalake",
							"type": "LinkedServiceReference"
						},
						"folderPath": "adlsnycpayrollrajatw/dirstaging"
					},
					"compute": {
						"coreCount": 8,
						"computeType": "General"
					},
					"traceLevel": "Fine"
				}
			},
			{
				"name": "sqldbtosynapse",
				"type": "ExecuteDataFlow",
				"dependsOn": [
					{
						"activity": "tosqldb",
						"dependencyConditions": [
							"Succeeded"
						]
					}
				],
				"policy": {
					"timeout": "0.12:00:00",
					"retry": 0,
					"retryIntervalInSeconds": 30,
					"secureOutput": false,
					"secureInput": false
				},
				"userProperties": [],
				"typeProperties": {
					"dataflow": {
						"referenceName": "sqldbtosynapse",
						"type": "DataFlowReference"
					},
					"staging": {
						"linkedService": {
							"referenceName": "ls_storage_datalake",
							"type": "LinkedServiceReference"
						},
						"folderPath": "adlsnycpayrollrajatw/dirstaging"
					},
					"compute": {
						"coreCount": 8,
						"computeType": "General"
					},
					"traceLevel": "Fine"
				}
			},
			{
				"name": "alldatatosynapse",
				"type": "ExecuteDataFlow",
				"dependsOn": [],
				"policy": {
					"timeout": "0.12:00:00",
					"retry": 0,
					"retryIntervalInSeconds": 30,
					"secureOutput": false,
					"secureInput": false
				},
				"userProperties": [],
				"typeProperties": {
					"dataflow": {
						"referenceName": "alldata",
						"type": "DataFlowReference"
					},
					"staging": {
						"linkedService": {
							"referenceName": "ls_storage_datalake",
							"type": "LinkedServiceReference"
						},
						"folderPath": "adlsnycpayrollrajatw/dirstaging"
					},
					"compute": {
						"coreCount": 8,
						"computeType": "General"
					},
					"traceLevel": "Fine"
				}
			},
			{
				"name": "tosqldb",
				"type": "ExecuteDataFlow",
				"dependsOn": [],
				"policy": {
					"timeout": "0.12:00:00",
					"retry": 0,
					"retryIntervalInSeconds": 30,
					"secureOutput": false,
					"secureInput": false
				},
				"userProperties": [],
				"typeProperties": {
					"dataflow": {
						"referenceName": "dataflow1",
						"type": "DataFlowReference"
					},
					"compute": {
						"coreCount": 8,
						"computeType": "General"
					},
					"traceLevel": "Fine"
				}
			}
		],
		"annotations": [],
		"lastPublishTime": "2022-10-02T19:22:16Z"
	},
	"type": "Microsoft.DataFactory/factories/pipelines"
}