FiscalYear,PayrollNumber,AgencyID,AgencyName,EmployeeID,LastName,FirstName,AgencyStartDate,WorkLocationBorough,TitleCode,TitleDescription,LeaveStatusasofJune30,BaseSalary,PayBasis,RegularHours,RegularGrossPaid,OTHours,TotalOTPaid,TotalOtherPay
2020,17,2120,OFFICE OF EMERGENCY MANAGEMENT,10001,GEAGER,VERONICA,09-12-16,BROOKLYN,40447,EMERGENCY PREPAREDNESS MANAGER,ACTIVE,86005.00,per Annum,1820.00,84698.21,0.00,0.00,0.00
2020,17,2120,OFFICE OF EMERGENCY MANAGEMENT,149612,ROTTA,JONATHAN,9/16/2013,BROOKLYN,40447,EMERGENCY PREPAREDNESS MANAGER,ACTIVE,86005.00,per Annum,1820.00,84698.21,0.00,0.00,0.00
2020,17,2120,OFFICE OF EMERGENCY MANAGEMENT,206583,WILSON II,ROBERT,4/30/2018,BROOKLYN,40447,EMERGENCY PREPAREDNESS MANAGER,ACTIVE,86005.00,per Annum,1820.00,84698.21,0.00,0.00,0.00
2020,17,2120,OFFICE OF EMERGENCY MANAGEMENT,199874,WASHINGTON,MORIAH,3/18/2019,BROOKLYN,40447,EMERGENCY PREPAREDNESS MANAGER,ACTIVE,86005.00,per Annum,1820.00,87900.95,0.00,0.00,-3202.74
2020,17,2120,OFFICE OF EMERGENCY MANAGEMENT,58036,KRAWCZYK,AMANDA,5/15/2017,BROOKLYN,40447,EMERGENCY PREPAREDNESS MANAGER,ACTIVE,86005.00,per Annum,1820.00,83976.54,0.00,0.00,0.00
2020,17,2120,OFFICE OF EMERGENCY MANAGEMENT,104393,MURRELL,JALEESA,12-01-14,BROOKLYN,40447,EMERGENCY PREPAREDNESS MANAGER,ACTIVE,86005.00,per Annum,1820.00,83877.36,0.00,0.00,0.00
2020,17,2120,OFFICE OF EMERGENCY MANAGEMENT,186781,ESPOSITO,JOSEPH,6/30/2014,BROOKLYN,40285,COMMISSIONER OF EMERGENCY MANAGEMENT,CEASED,236088.00,per Annum,21.00,2716.38,0.00,0.00,80141.89
2020,17,2120,OFFICE OF EMERGENCY MANAGEMENT,149700,CHANG,CAROL,6/27/2016,BROOKLYN,40447,EMERGENCY PREPAREDNESS MANAGER,ACTIVE,86005.00,per Annum,1820.00,81887.99,15.00,679.33,29.97
2020,17,2120,OFFICE OF EMERGENCY MANAGEMENT,121565,BEILINSON,MICHAEL,11/20/2017,BROOKLYN,40447,EMERGENCY PREPAREDNESS MANAGER,ACTIVE,83791.00,per Annum,1820.00,82517.67,0.00,0.00,0.00
2020,17,2120,OFFICE OF EMERGENCY MANAGEMENT,141167,CALLENDER,TODD,01-04-16,BROOKLYN,40447,EMERGENCY PREPAREDNESS MANAGER,ACTIVE,83791.00,per Annum,1820.00,82517.67,0.00,0.00,0.00
2020,17,2120,OFFICE OF EMERGENCY MANAGEMENT,123132,BENNETT,JUSTIN,04-06-15,BROOKLYN,40448,EMERGENCY PREPAREDNESS SPECIALIST,ACTIVE,73049.00,per Annum,1820.00,71938.89,175.25,8786.47,120.10
2020,17,2120,OFFICE OF EMERGENCY MANAGEMENT,97057,MOHAMMED,CHERISE,10-10-17,BROOKLYN,40448,EMERGENCY PREPAREDNESS SPECIALIST,ACTIVE,66603.00,per Annum,1820.00,64110.28,352.00,16667.92,26.71
2020,17,2120,OFFICE OF EMERGENCY MANAGEMENT,155154,CLEMENTS,SAMANTHA,11/26/2018,BROOKLYN,40448,EMERGENCY PREPAREDNESS SPECIALIST,ACTIVE,68751.00,per Annum,1820.00,67706.51,237.00,11332.32,566.13
2020,17,2120,OFFICE OF EMERGENCY MANAGEMENT,115541,OSORIO-SUAREZ,JILLIAN,9/27/2010,BROOKLYN,40448,EMERGENCY PREPAREDNESS SPECIALIST,ACTIVE,71231.00,per Annum,1820.00,70148.50,32.25,1314.22,6860.54
2020,17,2120,OFFICE OF EMERGENCY MANAGEMENT,96376,MITCHELL,MATTHEW,01-03-17,BROOKLYN,40448,EMERGENCY PREPAREDNESS SPECIALIST,ACTIVE,73317.00,per Annum,1820.00,72203.21,113.50,5643.55,458.37
2020,17,2120,OFFICE OF EMERGENCY MANAGEMENT,143597,CAPSHAW,KAYLI,03-04-19,BROOKLYN,40448,EMERGENCY PREPAREDNESS SPECIALIST,ACTIVE,67980.00,per Annum,1820.00,66947.11,216.00,10630.76,469.30
2020,17,2120,OFFICE OF EMERGENCY MANAGEMENT,181023,DUMBUYA,AMINATA,12-10-18,BROOKLYN,40448,EMERGENCY PREPAREDNESS SPECIALIST,ACTIVE,73049.00,per Annum,1820.00,70352.18,127.00,6574.12,431.81
2020,17,2120,OFFICE OF EMERGENCY MANAGEMENT,152023,CHIRICHELLA,MICHAEL,03-05-18,BROOKLYN,40448,EMERGENCY PREPAREDNESS SPECIALIST,ACTIVE,59083.00,per Annum,1820.00,58185.25,395.50,17255.06,252.14
2020,17,2120,OFFICE OF EMERGENCY MANAGEMENT,158677,SCHILIRO,BRITTANY,09-12-16,BROOKLYN,40448,EMERGENCY PREPAREDNESS SPECIALIST,ACTIVE,66603.00,per Annum,1820.00,65591.04,199.25,9713.85,324.40
2020,17,2120,OFFICE OF EMERGENCY MANAGEMENT,135408,BROWN,TASHAWN,5/28/2017,BROOKLYN,40448,EMERGENCY PREPAREDNESS SPECIALIST,ACTIVE,66603.00,per Annum,1820.00,65591.04,192.00,8757.41,769.60
2020,17,2120,OFFICE OF EMERGENCY MANAGEMENT,43163,JAMES,KATELYN,12-01-14,BROOKLYN,40448,EMERGENCY PREPAREDNESS SPECIALIST,ACTIVE,73049.00,per Annum,1575.00,62439.74,238.50,12364.80,51.74
2020,17,2120,OFFICE OF EMERGENCY MANAGEMENT,110853,ARAGONA,JOSEPH,06-05-17,BROOKLYN,40448,EMERGENCY PREPAREDNESS SPECIALIST,ACTIVE,71000.00,per Annum,1820.00,66165.12,178.75,8016.78,114.20
2020,17,2120,OFFICE OF EMERGENCY MANAGEMENT,133090,PUVOGEL,MATTHEW,01-12-15,BROOKLYN,40448,EMERGENCY PREPAREDNESS SPECIALIST,ACTIVE,73049.00,per Annum,1820.00,71938.89,11.00,459.78,485.23
2020,17,2120,OFFICE OF EMERGENCY MANAGEMENT,212044,ZAMY,SHAWN,06-10-19,BROOKLYN,40448,EMERGENCY PREPAREDNESS SPECIALIST,ACTIVE,66950.00,per Annum,1820.00,64578.68,165.00,7643.21,10.99
2020,17,2120,OFFICE OF EMERGENCY MANAGEMENT,105697,NARINE,NICHOLAS,01-02-18,BROOKLYN,40448,EMERGENCY PREPAREDNESS SPECIALIST,ACTIVE,62306.00,per Annum,1820.00,61359.18,195.00,8341.68,2358.70
2020,17,2120,OFFICE OF EMERGENCY MANAGEMENT,35075,HOLLAND,JAMES,6/24/2019,BROOKLYN,40448,EMERGENCY PREPAREDNESS SPECIALIST,ACTIVE,66950.00,per Annum,1805.00,64001.59,156.50,7271.37,23.20
2020,17,2120,OFFICE OF EMERGENCY MANAGEMENT,176856,DISADOR,STEPHEN,5/20/2019,BROOKLYN,40448,EMERGENCY PREPAREDNESS SPECIALIST,ACTIVE,66950.00,per Annum,1820.00,65932.74,103.50,4446.88,433.70
2020,17,2120,OFFICE OF EMERGENCY MANAGEMENT,81255,MARTINEZ,STACEY,8/19/2019,BROOKLYN,40447,EMERGENCY PREPAREDNESS MANAGER,ACTIVE,83791.00,per Annum,1540.00,70065.80,0.00,0.00,0.00
2020,17,2120,OFFICE OF EMERGENCY MANAGEMENT,210474,YEE,MICHAEL,5/15/2017,BROOKLYN,40447,EMERGENCY PREPAREDNESS MANAGER,CEASED,86005.00,per Annum,1505.00,69893.46,0.00,0.00,0.00
2020,17,2120,OFFICE OF EMERGENCY MANAGEMENT,159087,CONWAY,MEGAN,09-03-19,BROOKLYN,40448,EMERGENCY PREPAREDNESS SPECIALIST,ACTIVE,72100.00,per Annum,1463.00,57344.44,258.50,11985.37,430.87
2020,17,2120,OFFICE OF EMERGENCY MANAGEMENT,206238,WILLIS,LAUREN,12-11-17,BROOKLYN,40448,EMERGENCY PREPAREDNESS SPECIALIST,ACTIVE,62306.00,per Annum,1820.00,61359.18,152.50,6310.67,1557.38
2020,17,2120,OFFICE OF EMERGENCY MANAGEMENT,193847,FITZGERALD,THOMAS,10/15/2018,BROOKLYN,40448,EMERGENCY PREPAREDNESS SPECIALIST,ACTIVE,62306.00,per Annum,1820.00,61359.18,100.00,3876.55,3741.42
2020,17,2120,OFFICE OF EMERGENCY MANAGEMENT,205827,WILLIAMS,TANYA,12/26/2006,BROOKLYN,40291,COMMUNITY ASSOCIATE,ACTIVE,48601.00,per Annum,1820.00,47854.55,526.00,19751.62,1036.71
2020,17,2120,OFFICE OF EMERGENCY MANAGEMENT,94730,MILLER,MICHAEL,10-07-19,BROOKLYN,40447,EMERGENCY PREPAREDNESS MANAGER,ACTIVE,96717.00,per Annum,1295.00,68303.31,0.00,0.00,0.00
2020,17,2120,OFFICE OF EMERGENCY MANAGEMENT,89761,MCRAE,ISABEL,9/30/2019,BROOKLYN,40448,EMERGENCY PREPAREDNESS SPECIALIST,ACTIVE,74160.00,per Annum,1330.00,53750.14,254.25,13501.62,459.96
2020,17,2120,OFFICE OF EMERGENCY MANAGEMENT,92865,MESSINA,ANGELO,8/19/2019,BROOKLYN,40448,EMERGENCY PREPAREDNESS SPECIALIST,ACTIVE,59740.00,per Annum,1540.00,49368.85,390.50,17332.78,570.73
2020,17,2120,OFFICE OF EMERGENCY MANAGEMENT,63151,LAWSON,SAM,8/28/2017,BROOKLYN,40448,EMERGENCY PREPAREDNESS SPECIALIST,ACTIVE,70600.00,per Annum,1820.00,65820.37,20.00,808.52,204.20
2020,17,2120,OFFICE OF EMERGENCY MANAGEMENT,79159,MARK,ANDREW,5/24/2010,BROOKLYN,40447,EMERGENCY PREPAREDNESS MANAGER,CEASED,118306.00,per Annum,1050.00,66729.30,0.00,0.00,0.00
2020,17,2120,OFFICE OF EMERGENCY MANAGEMENT,203410,GASKE,GREGORY,01-07-19,BROOKLYN,40448,EMERGENCY PREPAREDNESS SPECIALIST,ACTIVE,64454.00,per Annum,1820.00,63159.77,77.25,3011.93,0.00
2020,17,2120,OFFICE OF EMERGENCY MANAGEMENT,131498,BRADSHAW,SHELLY,09-03-19,BROOKLYN,40448,EMERGENCY PREPAREDNESS SPECIALIST,ACTIVE,76220.00,per Annum,1463.00,60449.48,88.75,4609.94,455.14
2020,17,2120,OFFICE OF EMERGENCY MANAGEMENT,129897,BOSCO,ROBERT,10/15/2018,BROOKLYN,40448,EMERGENCY PREPAREDNESS SPECIALIST,ACTIVE,62306.00,per Annum,1820.00,61359.18,49.00,1808.36,1544.50
2020,17,2120,OFFICE OF EMERGENCY MANAGEMENT,167106,SIMPSON,SAMANTHA,07-08-19,BROOKLYN,40448,EMERGENCY PREPAREDNESS SPECIALIST,ACTIVE,63860.00,per Annum,1750.00,59735.06,86.00,3809.95,242.22
2020,17,2120,OFFICE OF EMERGENCY MANAGEMENT,136645,RAPP,JOSHUA,11/25/2019,BROOKLYN,40448,EMERGENCY PREPAREDNESS SPECIALIST,ACTIVE,90000.00,per Annum,1050.00,51639.30,180.00,11062.74,619.58
2020,17,2120,OFFICE OF EMERGENCY MANAGEMENT,50331,KAMINSKI,MATTHEW,8/26/2019,BROOKLYN,40448,EMERGENCY PREPAREDNESS SPECIALIST,ACTIVE,68750.00,per Annum,1505.00,54680.15,132.50,6608.73,316.81
2020,17,2120,OFFICE OF EMERGENCY MANAGEMENT,140861,CALHOUN,ELIOT,4/13/2015,BROOKLYN,40448,EMERGENCY PREPAREDNESS SPECIALIST,CEASED,75197.00,per Annum,1350.75,54772.13,75.25,3645.41,575.62
2020,17,2120,OFFICE OF EMERGENCY MANAGEMENT,174875,DIAZ,CHRISTOPHER,09-04-18,BROOKLYN,40448,EMERGENCY PREPAREDNESS SPECIALIST,CEASED,70900.00,per Annum,1391.00,53200.97,55.25,2459.25,75.39
2020,17,2120,OFFICE OF EMERGENCY MANAGEMENT,91503,MEMON,SAMIR,6/26/2017,BROOKLYN,40448,EMERGENCY PREPAREDNESS SPECIALIST,CEASED,68751.00,per Annum,1400.00,50086.73,74.25,3754.99,0.00
2020,17,2120,OFFICE OF EMERGENCY MANAGEMENT,160422,CORNELL,JILL,07-07-15,BROOKLYN,40448,EMERGENCY PREPAREDNESS SPECIALIST,ACTIVE,35.45,per Hour,1334.50,46850.73,124.25,5341.50,536.19
2020,17,2120,OFFICE OF EMERGENCY MANAGEMENT,23462,GUTIERREZ,STEPHANIE,12-09-19,BROOKLYN,40447,EMERGENCY PREPAREDNESS MANAGER,ACTIVE,96717.00,per Annum,980.00,51793.84,0.00,0.00,0.00
2020,17,2120,OFFICE OF EMERGENCY MANAGEMENT,115024,ORTIZ,KARINA,10/15/2019,BROOKLYN,40448,EMERGENCY PREPAREDNESS SPECIALIST,ACTIVE,59740.00,per Annum,1253.00,40858.33,76.75,2994.39,6237.04
2020,17,2120,OFFICE OF EMERGENCY MANAGEMENT,123868,BERKEY,CARA,10/15/2019,BROOKLYN,40448,EMERGENCY PREPAREDNESS SPECIALIST,ACTIVE,59740.00,per Annum,1253.00,40858.33,79.00,3399.01,4587.96
2020,17,2120,OFFICE OF EMERGENCY MANAGEMENT,190047,FEDERLIN,RACHEL,12-11-17,BROOKLYN,40448,EMERGENCY PREPAREDNESS SPECIALIST,CEASED,75197.00,per Annum,1050.00,42414.24,50.00,2613.15,629.67
2020,17,2120,OFFICE OF EMERGENCY MANAGEMENT,186770,ESPOSITO,JAMES,11/13/2017,BROOKLYN,40362,DEPUTY COMMISSIONER,CEASED,184236.00,per Annum,385.00,36533.86,0.00,0.00,7601.07
2020,17,2120,OFFICE OF EMERGENCY MANAGEMENT,191311,FERNANDEZ,CHRISTIAN,11-04-19,BROOKLYN,40448,EMERGENCY PREPAREDNESS SPECIALIST,ACTIVE,58000.00,per Annum,1155.00,36606.57,97.75,3733.36,1958.02
2020,17,2120,OFFICE OF EMERGENCY MANAGEMENT,168489,DAVIS,EMILIE,1/27/2020,BROOKLYN,40448,EMERGENCY PREPAREDNESS SPECIALIST,ACTIVE,66603.00,per Annum,735.00,26750.43,312.25,14978.28,0.00
2020,17,2120,OFFICE OF EMERGENCY MANAGEMENT,178706,SUSSMAN,ALISON,1/27/2020,BROOKLYN,40448,EMERGENCY PREPAREDNESS SPECIALIST,ACTIVE,66603.00,per Annum,735.00,26750.43,290.00,14044.18,382.78
2020,17,2120,OFFICE OF EMERGENCY MANAGEMENT,103797,MURILLO,RUDY,08-01-11,BROOKLYN,40447,EMERGENCY PREPAREDNESS MANAGER,CEASED,90737.00,per Annum,0.00,0.00,0.00,0.00,39464.19
2020,17,2120,OFFICE OF EMERGENCY MANAGEMENT,186348,ESCOTO,ANTHONY,01-06-20,BROOKLYN,40448,EMERGENCY PREPAREDNESS SPECIALIST,ACTIVE,62000.00,per Annum,840.00,28458.96,228.00,9968.57,52.60
2020,17,2120,OFFICE OF EMERGENCY MANAGEMENT,183519,THOMAS,JOSEPH,04-01-19,BROOKLYN,40447,EMERGENCY PREPAREDNESS MANAGER,CEASED,91311.00,per Annum,735.00,35784.83,0.00,0.00,0.00
2020,17,2120,OFFICE OF EMERGENCY MANAGEMENT,44703,JENKINS,JONATHAN,8/13/2007,BROOKLYN,40447,EMERGENCY PREPAREDNESS MANAGER,CEASED,151131.00,per Annum,0.00,0.00,0.00,0.00,31010.35
2020,17,2120,OFFICE OF EMERGENCY MANAGEMENT,176128,STEWART,JANELLE,7/29/2019,BROOKLYN,40448,EMERGENCY PREPAREDNESS SPECIALIST,ACTIVE,28.84,per Hour,950.75,27208.37,127.75,3726.73,27.00
2020,17,2120,OFFICE OF EMERGENCY MANAGEMENT,92056,MENIL-BIVENS,KAMILLE,03-05-18,BROOKLYN,40448,EMERGENCY PREPAREDNESS SPECIALIST,CEASED,62306.00,per Annum,805.00,26801.03,2.00,66.22,3767.47
2020,17,2120,OFFICE OF EMERGENCY MANAGEMENT,177306,STRONG,BENJAMIN,5/25/2014,BROOKLYN,40447,EMERGENCY PREPAREDNESS MANAGER,CEASED,93900.00,per Annum,595.00,30535.27,0.00,0.00,0.00
2020,17,2120,OFFICE OF EMERGENCY MANAGEMENT,85763,MCCONNELL,JAMES,3/17/2020,BROOKLYN,40447,EMERGENCY PREPAREDNESS MANAGER,ACTIVE,82.00,per Hour,314.50,25789.00,0.00,0.00,0.00
2020,17,2120,OFFICE OF EMERGENCY MANAGEMENT,176308,DIMARCO,ANTONIO,4/13/2020,BROOKLYN,40448,EMERGENCY PREPAREDNESS SPECIALIST,ACTIVE,75197.00,per Annum,350.00,14381.95,204.50,10917.33,14.40
2020,17,2120,OFFICE OF EMERGENCY MANAGEMENT,132431,PRUSSIEN JR,PIERRE,04-01-19,BROOKLYN,40448,EMERGENCY PREPAREDNESS SPECIALIST,CEASED,63860.00,per Annum,700.00,23805.91,28.00,1085.96,40.75
2020,17,2120,OFFICE OF EMERGENCY MANAGEMENT,36275,HORMAN,SEAN,1/22/2019,BROOKLYN,40291,COMMUNITY ASSOCIATE,CEASED,44290.00,per Annum,945.00,22432.74,0.00,0.00,0.00
2020,17,2120,OFFICE OF EMERGENCY MANAGEMENT,198828,FRESQUEZ III,JOSE,4/16/2013,BROOKLYN,40088,AGENCY ATTORNEY,CEASED,90236.00,per Annum,267.75,18082.62,14.00,1361.39,2050.84
2020,17,2120,OFFICE OF EMERGENCY MANAGEMENT,146694,ROKITOWSKI,EMILY,5/30/2017,BROOKLYN,40448,EMERGENCY PREPAREDNESS SPECIALIST,CEASED,73007.00,per Annum,480.75,19182.80,11.00,565.43,47.95
2020,17,2120,OFFICE OF EMERGENCY MANAGEMENT,177161,STRICKLAND,BRANCH,10/28/2012,BROOKLYN,40447,EMERGENCY PREPAREDNESS MANAGER,CEASED,136887.00,per Annum,0.00,0.00,0.00,0.00,14860.74
2020,17,2120,OFFICE OF EMERGENCY MANAGEMENT,113003,ASPREA,JOSEPH,04-06-20,BROOKLYN,40447,EMERGENCY PREPAREDNESS MANAGER,ACTIVE,65000.00,per Annum,385.00,13674.87,2.00,88.95,16.50
2020,17,2120,OFFICE OF EMERGENCY MANAGEMENT,93811,MIELE,JOHANNA,2/19/2018,BROOKLYN,40447,EMERGENCY PREPAREDNESS MANAGER,CEASED,83500.00,per Annum,210.00,9586.97,0.00,0.00,3221.50
2020,17,2120,OFFICE OF EMERGENCY MANAGEMENT,159195,SCHNETZER,SUSAN,4/27/2020,BROOKLYN,40448,EMERGENCY PREPAREDNESS SPECIALIST,ACTIVE,77344.00,per Annum,280.00,11834.04,0.00,0.00,0.00
2020,17,2120,OFFICE OF EMERGENCY MANAGEMENT,66825,LEWIS,HARRISON,6/19/2017,BROOKLYN,40448,EMERGENCY PREPAREDNESS SPECIALIST,CEASED,73371.00,per Annum,260.00,10427.94,0.00,0.00,0.00
2020,17,2120,OFFICE OF EMERGENCY MANAGEMENT,179909,DRAYTON,CALVIN,11-04-13,BROOKLYN,40494,FIRST DEPUTY COMMISSIONER,CEASED,224538.00,per Annum,70.00,8602.33,0.00,0.00,0.00
2020,17,2120,OFFICE OF EMERGENCY MANAGEMENT,115829,OTIS,ALEXANDER,8/28/2017,BROOKLYN,40448,EMERGENCY PREPAREDNESS SPECIALIST,CEASED,60491.00,per Annum,256.25,8473.44,0.00,0.00,0.00
2020,17,2120,OFFICE OF EMERGENCY MANAGEMENT,156690,COLEMAN,HAYLEY,6/16/2014,BROOKLYN,40447,EMERGENCY PREPAREDNESS MANAGER,CEASED,93900.00,per Annum,77.00,3956.47,0.00,0.00,4256.14
2020,17,2120,OFFICE OF EMERGENCY MANAGEMENT,149382,ROSTERN,STEVEN,11/13/2017,BROOKLYN,40447,EMERGENCY PREPAREDNESS MANAGER,CEASED,81350.00,per Annum,0.00,0.00,0.00,0.00,7422.85
2020,17,2120,OFFICE OF EMERGENCY MANAGEMENT,104934,ALER,JEFFREY,3/19/2018,BROOKLYN,40447,EMERGENCY PREPAREDNESS MANAGER,CEASED,83500.00,per Annum,0.00,0.00,0.00,0.00,6658.92
2020,17,2120,OFFICE OF EMERGENCY MANAGEMENT,116665,BALLREICH,JONAS,1/20/2015,BROOKLYN,40447,EMERGENCY PREPAREDNESS MANAGER,CEASED,85399.00,per Annum,0.00,0.00,0.00,0.00,3982.41
2020,17,2120,OFFICE OF EMERGENCY MANAGEMENT,191121,VAILLANCOURT,SARAH,7/17/2017,BROOKLYN,40448,EMERGENCY PREPAREDNESS SPECIALIST,CEASED,64663.00,per Annum,102.00,3607.65,7.75,322.96,13.56
2020,17,2120,OFFICE OF EMERGENCY MANAGEMENT,10449,GENNUSA,JOSEPH,09-05-06,BROOKLYN,40447,EMERGENCY PREPAREDNESS MANAGER,CEASED,85490.00,per Annum,0.00,0.00,0.00,0.00,2858.38
2020,17,2120,OFFICE OF EMERGENCY MANAGEMENT,176993,STRATFORD,LATISHA,9/17/2018,BROOKLYN,40448,EMERGENCY PREPAREDNESS SPECIALIST,CEASED,70921.00,per Annum,49.50,1921.73,0.00,0.00,0.00
2020,17,2120,OFFICE OF EMERGENCY MANAGEMENT,151781,CHIM,YUET,11-10-14,BROOKLYN,40447,EMERGENCY PREPAREDNESS MANAGER,CEASED,45.70,per Hour,42.00,1919.40,0.00,0.00,0.00
2020,17,2120,OFFICE OF EMERGENCY MANAGEMENT,169959,SMITH,NICHOLAS,04-03-17,BROOKLYN,40447,EMERGENCY PREPAREDNESS MANAGER,CEASED,88651.00,per Annum,0.00,0.00,0.00,0.00,1568.03
2020,17,2120,OFFICE OF EMERGENCY MANAGEMENT,69054,LIU,JEFFREY,2/16/2016,BROOKLYN,40088,AGENCY ATTORNEY,CEASED,67238.00,per Annum,0.00,675.19,0.00,58.80,19.66
2020,17,2120,OFFICE OF EMERGENCY MANAGEMENT,117368,BARANDICA JIMEN,ANDRES,10/16/2017,BROOKLYN,40448,EMERGENCY PREPAREDNESS SPECIALIST,CEASED,68835.00,per Annum,19.00,716.57,0.00,0.00,0.00
2020,19,2122,OFFICE OF MANAGEMENT & BUDGET,151757,RYAN,KRISTINE,11/29/2004,MANHATTAN,40199,BUDGET ANALYST,CEASED,222924.00,per Annum,1225.00,147054.45,0.00,0.00,102325.19
2020,19,2122,OFFICE OF MANAGEMENT & BUDGET,28177,HARTZOG,MELANIE,1/15/2016,MANHATTAN,40409,DIRECTOR OF MANAGEMENT & BUDGET,ACTIVE,243171.00,per Annum,1820.00,239475.95,0.00,0.00,938.90
2020,19,2122,OFFICE OF MANAGEMENT & BUDGET,14521,GODINER,KENNETH,6/13/1988,MANHATTAN,40081,ADMINISTRATIVE STAFF ANALYST,ACTIVE,237407.00,per Annum,1820.00,233799.54,0.00,0.00,0.00
2020,19,2122,OFFICE OF MANAGEMENT & BUDGET,190353,ULREY,PRESCOTT,12/25/2005,MANHATTAN,40462,EXECUTIVE AGENCY COUNSEL,ACTIVE,222924.00,per Annum,1820.00,219536.75,0.00,0.00,1250.00
2020,19,2122,OFFICE OF MANAGEMENT & BUDGET,152941,CHRISTOFF,LIZETTE,02-05-07,MANHATTAN,40199,BUDGET ANALYST,ACTIVE,222924.00,per Annum,1820.00,209357.50,0.00,0.00,1750.00
2020,19,2122,OFFICE OF MANAGEMENT & BUDGET,176768,STORELLICASTRO,ROBERTO,2/21/2017,MANHATTAN,40199,BUDGET ANALYST,ACTIVE,196950.00,per Annum,1820.00,196635.82,0.00,0.00,0.00
2020,19,2122,OFFICE OF MANAGEMENT & BUDGET,113492,OLSON,FRANKLIN,12/25/2005,MANHATTAN,40199,BUDGET ANALYST,ACTIVE,195978.00,per Annum,1820.00,193000.29,0.00,0.00,1000.00
2020,19,2122,OFFICE OF MANAGEMENT & BUDGET,193035,FINK,AVRAHAM,12/31/2017,MANHATTAN,40199,BUDGET ANALYST,ACTIVE,196950.00,per Annum,1820.00,193957.63,0.00,0.00,0.00
2020,19,2122,OFFICE OF MANAGEMENT & BUDGET,33054,HIGGINS,JAMES,6/21/1982,MANHATTAN,40306,COMPUTER SYSTEMS MANAGER,ACTIVE,195826.00,per Annum,1820.00,192850.37,0.00,0.00,0.00
2020,19,2122,OFFICE OF MANAGEMENT & BUDGET,19997,GREENBERG,DAVID,7/14/2008,MANHATTAN,40199,BUDGET ANALYST,ACTIVE,196950.00,per Annum,1820.00,192107.94,0.00,0.00,500.00
2020,19,2122,OFFICE OF MANAGEMENT & BUDGET,61906,LARSON,CHRISTINE,12/25/2005,MANHATTAN,40199,BUDGET ANALYST,ACTIVE,185843.00,per Annum,1820.00,183019.14,0.00,0.00,0.00
2020,19,2122,OFFICE OF MANAGEMENT & BUDGET,19003,GRATHWOL,JOHN,9/27/1988,MANHATTAN,40199,BUDGET ANALYST,CEASED,216431.00,per Annum,0.00,0.00,0.00,0.00,180605.85
1998,19,2122,OFFICE OF MANAGEMENT & BUDGET,15188,GOLDSTEIN,JOSHUA,01-04-99,MANHATTAN,40199,BUDGET ANALYST,ACTIVE,176785.00,per Annum,1820.00,174098.86,0.00,0.00,0.00
