{
	"name": "Dataflow Aggregate Data",
	"properties": {
		"type": "MappingDataFlow",
		"typeProperties": {
			"sources": [
				{
					"dataset": {
						"referenceName": "transaction_table_sqldb",
						"type": "DatasetReference"
					},
					"name": "sqldbnycpayroll"
				},
				{
					"dataset": {
						"referenceName": "historicaldata",
						"type": "DatasetReference"
					},
					"name": "historicalfiles"
				}
			],
			"sinks": [
				{
					"dataset": {
						"referenceName": "table_synapse_nycpayroll_summary",
						"type": "DatasetReference"
					},
					"name": "Payrollsummary"
				}
			],
			"transformations": [
				{
					"name": "union"
				},
				{
					"name": "conversion"
				},
				{
					"name": "filter1"
				},
				{
					"name": "TotalPaid"
				},
				{
					"name": "aggregate1"
				}
			],
			"scriptLines": [
				"parameters{",
				"     dataflow_param_fiscalyear as integer",
				"}",
				"source(output(",
				"          FiscalYear as integer,",
				"          PayrollNumber as integer,",
				"          AgencyID as string,",
				"          AgencyName as string,",
				"          EmployeeID as string,",
				"          LastName as string,",
				"          FirstName as string,",
				"          AgencyStartDate as date,",
				"          WorkLocationBorough as string,",
				"          TitleCode as string,",
				"          TitleDescription as string,",
				"          LeaveStatusasofJune30 as string,",
				"          BaseSalary as double,",
				"          PayBasis as string,",
				"          RegularHours as double,",
				"          RegularGrossPaid as double,",
				"          OTHours as double,",
				"          TotalOTPaid as double,",
				"          TotalOtherPay as double",
				"     ),",
				"     allowSchemaDrift: true,",
				"     validateSchema: false,",
				"     isolationLevel: 'READ_UNCOMMITTED',",
				"     format: 'table') ~> sqldbnycpayroll",
				"source(output(",
				"          FiscalYear as string,",
				"          PayrollNumber as string,",
				"          AgencyID as string,",
				"          AgencyName as string,",
				"          EmployeeID as string,",
				"          LastName as string,",
				"          FirstName as string,",
				"          AgencyStartDate as string,",
				"          WorkLocationBorough as string,",
				"          TitleCode as string,",
				"          TitleDescription as string,",
				"          LeaveStatusasofJune30 as string,",
				"          BaseSalary as string,",
				"          PayBasis as string,",
				"          RegularHours as string,",
				"          RegularGrossPaid as string,",
				"          OTHours as string,",
				"          TotalOTPaid as string,",
				"          TotalOtherPay as string",
				"     ),",
				"     allowSchemaDrift: true,",
				"     validateSchema: false,",
				"     ignoreNoFilesFound: false) ~> historicalfiles",
				"conversion, historicalfiles union(byName: false)~> union",
				"sqldbnycpayroll derive(FiscalYear = toString(FiscalYear),",
				"          PayrollNumber = toString(PayrollNumber),",
				"          BaseSalary = toString(BaseSalary),",
				"          RegularHours = toString(RegularHours),",
				"          RegularGrossPaid = toString(RegularGrossPaid),",
				"          OTHours = toString(OTHours),",
				"          TotalOTPaid = toString(TotalOTPaid),",
				"          TotalOtherPay = toString(TotalOtherPay),",
				"          AgencyStartDate = toString(AgencyStartDate)) ~> conversion",
				"union filter(toInteger(FiscalYear) >= $dataflow_param_fiscalyear) ~> filter1",
				"filter1 derive(TotalPaid = RegularGrossPaid + TotalOTPaid+TotalOtherPay) ~> TotalPaid",
				"TotalPaid aggregate(groupBy(AgencyName,",
				"          FiscalYear),",
				"     TotalPaid = count()) ~> aggregate1",
				"aggregate1 sink(allowSchemaDrift: true,",
				"     validateSchema: false,",
				"     input(",
				"          FiscalYear as integer,",
				"          AgencyName as string,",
				"          TotalPaid as double",
				"     ),",
				"     deletable:false,",
				"     insertable:true,",
				"     updateable:false,",
				"     upsertable:false,",
				"     truncate:true,",
				"     format: 'table',",
				"     staged: true,",
				"     allowCopyCommand: true,",
				"     skipDuplicateMapInputs: true,",
				"     skipDuplicateMapOutputs: true,",
				"     errorHandlingOption: 'stopOnFirstError',",
				"     mapColumn(",
				"          FiscalYear,",
				"          AgencyName,",
				"          TotalPaid",
				"     )) ~> Payrollsummary"
			]
		}
	}
}