{
	"name": "dataflow1",
	"properties": {
		"type": "MappingDataFlow",
		"typeProperties": {
			"sources": [
				{
					"dataset": {
						"referenceName": "payroll_2021",
						"type": "DatasetReference"
					},
					"name": "payroll2021totransaction"
				}
			],
			"sinks": [
				{
					"dataset": {
						"referenceName": "transaction_table_sqldb",
						"type": "DatasetReference"
					},
					"name": "payroll2021totransactiontable"
				}
			],
			"transformations": [
				{
					"name": "dateconversion"
				}
			],
			"scriptLines": [
				"source(output(",
				"          FiscalYear as string,",
				"          PayrollNumber as string,",
				"          AgencyCode as string,",
				"          AgencyName as string,",
				"          EmployeeID as string,",
				"          LastName as string,",
				"          FirstName as string,",
				"          AgencyStartDate as string,",
				"          WorkLocationBorough as string,",
				"          TitleCode as string,",
				"          TitleDescription as string,",
				"          LeaveStatusasofJune30 as string,",
				"          BaseSalary as string,",
				"          PayBasis as string,",
				"          RegularHours as string,",
				"          RegularGrossPaid as string,",
				"          OTHours as string,",
				"          TotalOTPaid as string,",
				"          TotalOtherPay as string",
				"     ),",
				"     allowSchemaDrift: true,",
				"     validateSchema: false,",
				"     ignoreNoFilesFound: false) ~> payroll2021totransaction",
				"payroll2021totransaction derive(AgencyStartDate_Date = toDate(AgencyStartDate, 'MM/dd/yyyy')) ~> dateconversion",
				"dateconversion sink(allowSchemaDrift: true,",
				"     validateSchema: false,",
				"     input(",
				"          FiscalYear as integer,",
				"          PayrollNumber as integer,",
				"          AgencyID as string,",
				"          AgencyName as string,",
				"          EmployeeID as string,",
				"          LastName as string,",
				"          FirstName as string,",
				"          AgencyStartDate as date,",
				"          WorkLocationBorough as string,",
				"          TitleCode as string,",
				"          TitleDescription as string,",
				"          LeaveStatusasofJune30 as string,",
				"          BaseSalary as double,",
				"          PayBasis as string,",
				"          RegularHours as double,",
				"          RegularGrossPaid as double,",
				"          OTHours as double,",
				"          TotalOTPaid as double,",
				"          TotalOtherPay as double",
				"     ),",
				"     deletable:false,",
				"     insertable:true,",
				"     updateable:false,",
				"     upsertable:false,",
				"     format: 'table',",
				"     skipDuplicateMapInputs: true,",
				"     skipDuplicateMapOutputs: true,",
				"     errorHandlingOption: 'stopOnFirstError',",
				"     mapColumn(",
				"          FiscalYear,",
				"          PayrollNumber,",
				"          AgencyID = AgencyCode,",
				"          AgencyName,",
				"          EmployeeID,",
				"          LastName,",
				"          FirstName,",
				"          AgencyStartDate = AgencyStartDate_Date,",
				"          WorkLocationBorough,",
				"          TitleCode,",
				"          TitleDescription,",
				"          LeaveStatusasofJune30,",
				"          BaseSalary,",
				"          PayBasis,",
				"          RegularHours,",
				"          RegularGrossPaid,",
				"          OTHours,",
				"          TotalOTPaid,",
				"          TotalOtherPay",
				"     )) ~> payroll2021totransactiontable"
			]
		}
	}
}