{
	"name": "employeedataflow",
	"properties": {
		"type": "MappingDataFlow",
		"typeProperties": {
			"sources": [
				{
					"dataset": {
						"referenceName": "emp_master",
						"type": "DatasetReference"
					},
					"name": "employeemaster"
				}
			],
			"sinks": [
				{
					"dataset": {
						"referenceName": "NYC_Payroll_EMP_MD_synapse",
						"type": "DatasetReference"
					},
					"name": "synapseemployee"
				}
			],
			"transformations": [],
			"scriptLines": [
				"source(output(",
				"          EmployeeID as string,",
				"          LastName as string,",
				"          FirstName as string",
				"     ),",
				"     allowSchemaDrift: true,",
				"     validateSchema: false,",
				"     ignoreNoFilesFound: false) ~> employeemaster",
				"employeemaster sink(allowSchemaDrift: true,",
				"     validateSchema: false,",
				"     input(",
				"          EmployeeID as string,",
				"          LastName as string,",
				"          FirstName as string",
				"     ),",
				"     deletable:false,",
				"     insertable:true,",
				"     updateable:false,",
				"     upsertable:false,",
				"     format: 'table',",
				"     staged: true,",
				"     allowCopyCommand: true,",
				"     skipDuplicateMapInputs: true,",
				"     skipDuplicateMapOutputs: true,",
				"     errorHandlingOption: 'stopOnFirstError',",
				"     mapColumn(",
				"          EmployeeID,",
				"          LastName,",
				"          FirstName",
				"     )) ~> synapseemployee"
			]
		}
	}
}