{
	"name": "title_master",
	"properties": {
		"linkedServiceName": {
			"referenceName": "ls_storage_datalake",
			"type": "LinkedServiceReference"
		},
		"annotations": [],
		"type": "DelimitedText",
		"typeProperties": {
			"location": {
				"type": "AzureBlobFSLocation",
				"fileName": "TitleMaster.csv",
				"folderPath": "dirpayrollfiles",
				"fileSystem": "adlsnycpayrollrajatw"
			},
			"columnDelimiter": ",",
			"escapeChar": "\\",
			"firstRowAsHeader": true,
			"quoteChar": "\""
		},
		"schema": [
			{
				"name": "TitleCode",
				"type": "String"
			},
			{
				"name": "TitleDescription",
				"type": "String"
			}
		]
	},
	"type": "Microsoft.DataFactory/factories/datasets"
}